{
  "clock_hz": 100000000,
  "clock_context": "audio-domain",
  "t_ms": [
    2.5,
    5.0,
    7.5,
    10.0,
    12.5,
    15.0,
    17.5,
    20.0,
    22.5,
    25.0,
    27.5,
    30.0,
    32.5,
    35.0,
    37.5,
    40.0,
    42.5,
    45.0,
    47.5,
    50.0,
    52.5,
    55.0,
    57.5,
    60.0,
    62.5,
    65.0,
    67.5,
    70.0,
    72.5,
    75.0,
    77.5,
    80.0,
    82.5,
    85.0,
    87.5,
    90.0,
    92.5,
    95.0,
    97.5,
    100.0,
    102.5,
    105.0,
    107.5,
    110.0,
    112.5,
    115.0,
    117.5,
    120.0,
    122.5,
    125.0,
    127.5,
    130.0,
    132.5,
    135.0,
    137.5,
    140.0,
    142.5,
    145.0,
    147.5,
    150.0,
    152.5,
    155.0,
    157.5,
    160.0,
    162.5,
    165.0,
    167.5,
    170.0,
    172.5,
    175.0,
    177.5,
    180.0,
    182.5,
    185.0,
    187.5,
    190.0,
    192.5,
    195.0,
    197.5,
    200.0,
    202.5,
    205.0,
    207.5,
    210.0,
    212.5,
    215.0,
    217.5,
    220.0,
    222.5,
    225.0,
    227.5,
    230.0,
    232.5,
    235.0,
    237.5,
    240.0,
    242.5,
    245.0,
    247.5,
    250.0,
    252.5,
    255.0,
    257.5,
    260.0,
    262.5,
    265.0,
    267.5,
    270.0,
    272.5,
    275.0,
    277.5,
    280.0,
    282.5,
    285.0,
    287.5,
    290.0,
    292.5,
    295.0,
    297.5,
    300.0,
    302.5,
    305.0,
    307.5,
    310.0,
    312.5,
    315.0,
    317.5,
    320.0,
    322.5,
    325.0,
    327.5,
    330.0,
    332.5,
    335.0,
    337.5,
    340.0,
    342.5,
    345.0,
    347.5,
    350.0,
    352.5,
    355.0,
    357.5,
    360.0,
    362.5,
    365.0,
    367.5,
    370.0,
    372.5,
    375.0,
    377.5,
    380.0,
    382.5,
    385.0,
    387.5,
    390.0,
    392.5,
    395.0,
    397.5,
    400.0,
    402.5,
    405.0,
    407.5,
    410.0,
    412.5,
    415.0,
    417.5,
    420.0,
    422.5,
    425.0,
    427.5,
    430.0,
    432.5,
    435.0,
    437.5,
    440.0,
    442.5,
    445.0,
    447.5,
    450.0,
    452.5,
    455.0,
    457.5,
    460.0,
    462.5,
    465.0,
    467.5,
    470.0,
    472.5,
    475.0,
    477.5,
    480.0,
    482.5,
    485.0,
    487.5,
    490.0,
    492.5,
    495.0,
    497.5,
    500.0,
    502.49999999999994,
    505.0,
    507.49999999999994,
    510.0,
    512.5,
    515.0,
    517.5,
    520.0,
    522.5,
    525.0,
    527.5,
    530.0,
    532.5,
    535.0,
    537.5,
    540.0,
    542.5,
    545.0,
    547.5,
    550.0,
    552.5,
    555.0,
    557.5,
    560.0,
    562.5,
    565.0,
    567.5,
    570.0,
    572.5,
    575.0,
    577.5,
    580.0,
    582.5,
    585.0,
    587.5,
    590.0,
    592.5,
    595.0,
    597.5
  ],
  "rms_db": [
    -18.097578504067595,
    -25.959715077043015,
    -37.06051108665655,
    -44.09944161890163,
    -50.2954738835102,
    -53.41100606835738,
    -54.630326307929224,
    -52.71388305052177,
    -52.610434877509306,
    -52.633193952863984,
    -52.70698021224832,
    -52.7875451024282,
    -52.931218016051176,
    -53.08073738039471,
    -53.159206001834455,
    -53.30047073080377,
    -53.52996132965794,
    -53.44837354695325,
    -53.217481537420085,
    -53.17088715509471,
    -53.1119576997908,
    -52.85125548853192,
    -52.63478165622058,
    -52.60767544063708,
    -52.59142205038017,
    -52.32150605943791,
    -52.072218777061295,
    -52.04978692312058,
    -52.03106692144637,
    -51.9240246755702,
    -51.67263004063223,
    -51.52858678224952,
    -51.50990475619824,
    -51.480973072854106,
    -51.42420763476685,
    -51.22358951367754,
    -51.05516692408143,
    -51.03584593475525,
    -51.01795987027362,
    -50.958718924700925,
    -50.90421971356424,
    -50.81297601481203,
    -50.682360061677684,
    -50.62880846368592,
    -50.62554543190185,
    -50.59826635709402,
    -50.535656465865316,
    -50.49689358283983,
    -50.46425110029918,
    -50.399267939359646,
    -50.33172042177513,
    -50.29747921447202,
    -50.29038617933583,
    -50.270455114653565,
    -50.244385265349564,
    -50.20911039567348,
    -50.18477089193461,
    -50.167010514880914,
    -50.134247174890724,
    -50.115757997188595,
    -50.08541539315081,
    -50.052148289110654,
    -50.039300949506796,
    -50.03040707668088,
    -50.02803678538488,
    -50.024928521585025,
    -50.00588566497675,
    -49.983239656141166,
    -49.9758791018409,
    -49.96292504672784,
    -49.94964123641296,
    -49.94534466967976,
    -49.94221318277344,
    -49.93025775150369,
    -49.91119805838706,
    -49.9016082206319,
    -49.89828400234114,
    -49.894092404006344,
    -49.890805645460176,
    -49.8882292669618,
    -49.88391752998794,
    -49.87987833572477,
    -49.873681186571716,
    -49.86265763142204,
    -49.85543938247442,
    -49.85272032001079,
    -49.847884168729244,
    -49.843874273083266,
    -49.840278486790204,
    -49.835453902440456,
    -49.831653817213414,
    -49.82748977033395,
    -49.82295786018618,
    -49.81837472958421,
    -49.811860667336454,
    -49.804695888072146,
    -49.799813837248614,
    -49.79593835443811,
    -49.79013073705624,
    -49.78632874044955,
    -49.78078636908271,
    -49.77490606749128,
    -49.77068028482577,
    -49.76448213548793,
    -49.76133626895479,
    -49.75396885210186,
    -49.747498571677724,
    -49.744645049675086,
    -49.73643509586408,
    -49.73102610897803,
    -49.727604542480854,
    -49.71839608551565,
    -49.71260281870869,
    -49.71072038325894,
    -49.69991364703375,
    -49.6910689918008,
    -49.690701656199266,
    -49.68264981803874,
    -49.670554515143564,
    -49.66583801088119,
    -49.66582846940778,
    -49.65474839019219,
    -49.64072415991866,
    -49.63839721165379,
    -49.638771981936955,
    -49.62958747998015,
    -49.615536223139365,
    -49.610599092279315,
    -49.610247831681264,
    -49.610191450575485,
    -49.59775436642228,
    -49.58340246812167,
    -49.582045609310015,
    -49.582417961336716,
    -49.582055191993064,
    -49.575419058878694,
    -49.563626026080456,
    -49.557811353279675,
    -49.55780191800652,
    -49.55813034087824,
    -49.557780031646416,
    -49.554406776297945,
    -49.54607111121394,
    -49.5403406286303,
    -49.540393329896766,
    -49.5407510822713,
    -49.54040263780696,
    -49.5403932195522,
    -49.540054443773045,
    -49.534270716881295,
    -49.52946842071508,
    -49.52983853050213,
    -49.52947795048085,
    -49.52953058470426,
    -49.529887890801646,
    -49.529539882284375,
    -49.529530474635344,
    -49.529476594296106,
    -49.52618096826541,
    -49.523577228300326,
    -49.52394708768879,
    -49.52358675215302,
    -49.52363935005298,
    -49.52399641435158,
    -49.52364864203478,
    -49.52363924013327,
    -49.52396637738093,
    -49.52361744414654,
    -49.523577228300326,
    -49.52345111095636,
    -49.522161009380284,
    -49.52177978999548,
    -49.522136778004544,
    -49.521789080210766,
    -49.521779680122826,
    -49.52210674753495,
    -49.52175788904414,
    -49.521717681568745,
    -49.52208746195435,
    -49.521727203555685,
    -49.52177978999548,
    -49.522136778004544,
    -49.521789080210766,
    -49.521779680122826,
    -49.52210674753495,
    -49.52175788904414,
    -49.521717681568745,
    -49.52208746195435,
    -49.521727203555685,
    -49.52177978999548,
    -49.522136778004544,
    -49.521789080210766,
    -49.521779680122826,
    -49.52210674753495,
    -49.52175788904414,
    -49.521717681568745,
    -49.52208746195435,
    -49.521727203555685,
    -49.52177978999548,
    -49.522136778004544,
    -49.521789080210766,
    -49.521779680122826,
    -49.52210674753495,
    -49.52175788904414,
    -49.521717681568745,
    -49.52208746195435,
    -49.521727203555685,
    -49.52177978999548,
    -49.522136778004544,
    -49.521789080210766,
    -49.521779680122826,
    -49.52210674753495,
    -49.52175788904414,
    -49.521717681568745,
    -49.52208746195435,
    -49.521727203555685,
    -49.52177978999548,
