{
  "clock_hz": 100000000,
  "clock_context": "audio-domain",
  "results": {
    "-3.0": -8.399502228345408,
    "-0.5": -7.453316697643318
  }
}